{
    "Mapid": 100,
    "Type": 0,
    "Portal": null,
    "PlayerSpawn": {
        "x": 100.0,
        "y": 200.0
    },
    "SpawnPoint": [
        {
            "type": 1,
            "id": 10001,
            "x": 300.0,
            "y": 300.0,
            "z": 0.0,
            "rx": 0.0,
            "ry": 0.0,
            "rz": 0.0
        },
        {
            "type": 2,
            "id": 20001,
            "x": 300.0,
            "y": 300.0,
            "z": 0.0,
            "rx": 0.0,
            "ry": 0.0,
            "rz": 0.0
        },
        {
            "type": 3,
            "id": 30001,
            "x": 300.0,
            "y": 300.0,
            "z": 0.0,
            "rx": 0.0,
            "ry": 0.0,
            "rz": 0.0
        }
    ]
}