{
    "Mapid": 101,
    "Type": 1,
    "Portal": {
        "Mapid": 102,
        "x": 300.0,
        "y": 500.0,
        "z": 0.0
    },
    "PlayerSpawn": {
        "x": 100.0,
        "y": 200.0,
        "z": 300.0
    },
    "SpawnPoint": [
        {
            "type": "Monster",
            "id": 20001,
            "x": 300.0,
            "y": 300.0,
            "z": 0.0,
            "rx": 0.0,
            "ry": 0.0,
            "rz": 0.0
        },
        {
            "type": "Npc",
            "id": 30002,
            "x": 300.0,
            "y": 300.0,
            "z": 0.0,
            "rx": 0.0,
            "ry": 0.0,
            "rz": 0.0
        },
        {
            "type": "Reactor",
            "id": 40002,
            "x": 300.0,
            "y": 300.0,
            "z": 0.0,
            "rx": 0.0,
            "ry": 0.0,
            "rz": 0.0
        }
    ]
}